Model,Degradation_Rate,Initial_MI,Final_MI_30pct_noise,Relative_Resistance
Random,-0.0013331035457685707,0.0006432158319965478,0.00010842419420033327,1.0
Boolean,0.0009132590133712732,0.0,0.00034859259822092337,1.4597212031310283
Syntactic,-0.09532880273087291,0.04193229600639934,0.00021212200128545457,0.01398426821253715
